<?xml version="1.0" encoding="utf-8"?>
<manifest xmlns="http://www.we7.cc" versionCode="0.8,1.0">
	<application setting="false">
		<name><![CDATA[牛牛盲盒]]></name>
		<identifie><![CDATA[niuniu_mang]]></identifie>
		<version><![CDATA[1.3.1]]></version>
		<type><![CDATA[activity]]></type>
		<ability><![CDATA[牛牛盲盒]]></ability>
		<description><![CDATA[牛牛盲盒]]></description>
		<author><![CDATA[稳定更新 QQ 明悦 160819948]]></author>
		<url><![CDATA[http://www.we7.cc/]]></url>
	</application>

	<platform>
		<subscribes>
		</subscribes>

		<handles>
		</handles>

		<rule embed="false" /> 
		<card embed="false" />
		<oauth type="1" />
		
		<supports>
			<item type="wxapp" />
		</supports>
	</platform>

	<bindings>
		<menu>
			<entry title="分类管理" do="category" state="" direct="false"/>
			<entry title="平台概况" do="dashboard" state="" direct="false"/>
			<entry title="用户管理" do="user" state="" direct="false"/>
			<entry title="发货管理" do="deliver" state="" direct="false"/>
			<entry title="盲盒管理" do="blindbox" state="" direct="false"/>
			<entry title="收支明细" do="bill" state="" direct="false"/>
			<entry title="系统设置" do="setting" state="" direct="false"/>
			<entry title="代金券管理" do="coupon" state="" direct="false"/>
			<entry title="虚拟发货模板" do="fictitioustempalte" state="" direct="false"/>
			<entry title="商家管理" do="merchant" state="" direct="false"/>
			<entry title="提现管理" do="tx" state="" direct="false"/>
		</menu>
	</bindings>

	<permissions>
	</permissions>

	<install><![CDATA[
CREATE TABLE IF NOT EXISTS `ims_niuniu_mang_barrage` (
  `id` int(11) NOT NULL AUTO_INCREMENT,
  `acid` int(11) NOT NULL,
  `uniacid` int(11) NOT NULL,
  `uid` int(11) NOT NULL,
  `bid` int(11) NOT NULL,
  `message` varchar(255) NOT NULL,
  `status` int(11) NOT NULL COMMENT '1 正常 2 审核中 3 拒绝',
  `deleted` int(11) NOT NULL DEFAULT '0',
  `deleted_at` int(11) DEFAULT NULL,
  `created_at` int(11) NOT NULL,
  `updated_at` int(11) NOT NULL,
  PRIMARY KEY (`id`)
) ENGINE=InnoDB AUTO_INCREMENT=17 DEFAULT CHARSET=utf8;


CREATE TABLE IF NOT EXISTS `ims_niuniu_mang_card_prize` (
  `id` int(11) NOT NULL AUTO_INCREMENT,
  `acid` int(11) NOT NULL,
  `uniacid` int(11) NOT NULL,
  `uid` int(11) NOT NULL,
  `box_id` int(11) NOT NULL COMMENT '盲盒id',
  `type` int(11) NOT NULL COMMENT '盲盒id',
  `code` varchar(255) NOT NULL COMMENT '核销码',
  `status` int(11) DEFAULT '0' COMMENT '0 未发货 1 已发货或核销',
  `deleted` int(11) NOT NULL DEFAULT '0',
  `deleted_at` int(11) DEFAULT NULL,
  `created_at` int(11) NOT NULL,
  `updated_at` int(11) NOT NULL,
  `delivery_order_id` int(11) DEFAULT '0' COMMENT ' 发货订单号',
  `get_type` int(11) DEFAULT '0' COMMENT ' 1 自动发码 2 固定二维码 2 固定码',
  `get_status` int(11) DEFAULT '0' COMMENT ' 1 已领取 0 未领取',
  `get_code` varchar(255) DEFAULT NULL COMMENT ' 1 虚拟 物品发货码',
  PRIMARY KEY (`id`)
) ENGINE=InnoDB AUTO_INCREMENT=2 DEFAULT CHARSET=utf8;


CREATE TABLE IF NOT EXISTS `ims_niuniu_mang_category` (
  `id` int(11) NOT NULL AUTO_INCREMENT,
  `acid` int(11) NOT NULL,
  `sort` int(11) NOT NULL DEFAULT '0',
  `uniacid` int(11) NOT NULL,
  `parent_id` int(11) DEFAULT '0' COMMENT '上级id',
  `name` varchar(255) NOT NULL COMMENT '分类名称',
  `image` varchar(255) DEFAULT '' COMMENT '分类图片',
  `deleted` int(11) NOT NULL DEFAULT '0',
  `deleted_at` int(11) DEFAULT NULL,
  `created_at` int(11) NOT NULL,
  `updated_at` int(11) NOT NULL,
  `is_recommend` int(11) DEFAULT '0',
  PRIMARY KEY (`id`)
) ENGINE=InnoDB AUTO_INCREMENT=102 DEFAULT CHARSET=utf8;


CREATE TABLE IF NOT EXISTS `ims_niuniu_mang_commodity` (
  `id` int(11) NOT NULL AUTO_INCREMENT,
  `acid` int(11) NOT NULL,
  `uniacid` int(11) NOT NULL,
  `type` int(11) NOT NULL COMMENT '1 正常盲盒 2 幸运盲盒',
  `title` varchar(255) NOT NULL COMMENT '盲盒标题',
  `category_id` int(11) NOT NULL DEFAULT '0' COMMENT '分类',
  `category_sub_id` int(11) NOT NULL DEFAULT '0' COMMENT '二级分类',
  `sub_title` varchar(255) NOT NULL COMMENT '盲盒副标题',
  `price` int(11) NOT NULL COMMENT '盲盒单价',
  `text_content` longtext COMMENT '详情图文',
  `text_rule` longtext COMMENT '规则图文',
  `cabinet_image` varchar(255) DEFAULT NULL COMMENT '盒子图片',
  `batch_num` int(11) DEFAULT NULL COMMENT '一共发送多少期',
  `batch_draw_num` int(11) DEFAULT NULL COMMENT '开奖数量 每期多少个',
  `prize_name` varchar(255) DEFAULT NULL COMMENT '奖品名称',
  `prize_image` varchar(255) DEFAULT NULL COMMENT '奖品图片',
  `prize_price` varchar(255) DEFAULT NULL COMMENT '奖品价值',
  `page_bg_color` varchar(255) DEFAULT NULL COMMENT '背景色',
  `page_bg_music` varchar(255) DEFAULT NULL COMMENT '页面背景音乐',
  `page_bg_image` varchar(255) DEFAULT NULL COMMENT '背景图片',
  `page_banner_image` varchar(255) DEFAULT NULL COMMENT '上部分跳动图片',
  `page_box_base_image` varchar(255) DEFAULT NULL COMMENT '盒子底座',
  `page_box_panel_image` varchar(255) DEFAULT NULL COMMENT '盒子前面板',
  `page_box_image` varchar(255) DEFAULT NULL COMMENT '盒子的图片',
  `page_one_box_image` varchar(255) DEFAULT NULL COMMENT '单个盒子的图片',
  `page_box_row_num` int(11) DEFAULT NULL COMMENT '盒子的大小 1 大[一排3个共9个] 2 小[一排4个共12个] ',
  `luck_image` varchar(255) DEFAULT NULL COMMENT '幸运盒子的首页图片',
  `item_image` varchar(255) DEFAULT NULL COMMENT '正常图片',
  `share_desc` varchar(255) DEFAULT NULL COMMENT '分享简介',
  `share_image` varchar(255) DEFAULT NULL COMMENT '分享图片',
  `share_title` varchar(255) DEFAULT NULL COMMENT '分享标题',
  `recommend` int(11) DEFAULT '0' COMMENT '是否推荐',
  `recommend_image` varchar(255) DEFAULT NULL COMMENT '推荐位图片',
  `dan_open` int(11) NOT NULL DEFAULT '0',
  `dan_prize_open` int(11) NOT NULL DEFAULT '0',
  `status` int(11) NOT NULL DEFAULT '2' COMMENT '1 正常 2 待上传物品 3 下架',
  `sort` int(11) NOT NULL DEFAULT '0',
  `deleted` int(11) NOT NULL DEFAULT '0',
  `deleted_at` int(11) DEFAULT NULL,
  `created_at` int(11) NOT NULL,
  `updated_at` int(11) NOT NULL,
  `prize_merchant_id` int(11) DEFAULT '0' COMMENT '商户id',
  `prize_ver_code` varchar(255) DEFAULT NULL COMMENT '核销码',
  `prize_ver_type` int(11) DEFAULT '1' COMMENT '核销方式',
  `prize_fahuo_tempid` int(11) DEFAULT '0' COMMENT '虚拟发货id',
  `prize_type` int(11) DEFAULT '0' COMMENT '物品类型 0 实物 1 虚拟 3 核销',
  `prize_desc` varchar(255) DEFAULT NULL COMMENT '奖品介绍',
  `merchant_id` int(11) DEFAULT '0' COMMENT '商户id',
  `ios_hidden` int(11) DEFAULT '1' COMMENT '0 ios 不显示 1 ios端显示',
  `style_type` int(11) DEFAULT '1' COMMENT '1 普通风格 2 商户风格',
  PRIMARY KEY (`id`)
) ENGINE=InnoDB AUTO_INCREMENT=96 DEFAULT CHARSET=utf8;


CREATE TABLE IF NOT EXISTS `ims_niuniu_mang_commodity_item` (
  `id` int(11) NOT NULL AUTO_INCREMENT,
  `acid` int(11) NOT NULL,
  `uniacid` int(11) NOT NULL,
  `bid` int(11) NOT NULL COMMENT '盲盒id',
  `num` int(11) NOT NULL COMMENT '总数 0 不限制',
  `rate` float NOT NULL COMMENT '稀有度',
  `image` varchar(255) NOT NULL COMMENT '图片',
  `name` varchar(255) NOT NULL COMMENT '名称',
  `special` int(11) NOT NULL DEFAULT '0' COMMENT '特殊款？',
  `deleted` int(11) NOT NULL DEFAULT '0',
  `sort` int(11) NOT NULL DEFAULT '0',
  `price` varchar(255) NOT NULL DEFAULT '0',
  `recovery_price` int(11) NOT NULL DEFAULT '0',
  `deleted_at` int(11) DEFAULT NULL,
  `created_at` int(11) NOT NULL,
  `updated_at` int(11) NOT NULL,
  `type` int(11) DEFAULT '0' COMMENT '物品类型 0 实物 1 虚拟 3 核销',
  `merchant_id` int(11) DEFAULT '0' COMMENT '所属商户',
  `desc` varchar(255) DEFAULT NULL COMMENT '介绍 商家模板会显示',
  `ver_code` varchar(255) DEFAULT NULL COMMENT '核销码',
  `ver_type` int(11) DEFAULT '1' COMMENT '核销方式',
  `fahuo_tempid` int(11) DEFAULT '0' COMMENT '虚拟发货id',
  PRIMARY KEY (`id`)
) ENGINE=InnoDB AUTO_INCREMENT=478 DEFAULT CHARSET=utf8;


CREATE TABLE IF NOT EXISTS `ims_niuniu_mang_coupon` (
  `id` int(11) NOT NULL AUTO_INCREMENT,
  `acid` int(11) NOT NULL,
  `uniacid` int(11) NOT NULL,
  `key` varchar(255) NOT NULL,
  `name` varchar(255) NOT NULL,
  `limit` int(11) NOT NULL,
  `price` int(11) NOT NULL,
  `num` int(11) NOT NULL DEFAULT '0',
  `is_new_user` int(11) NOT NULL DEFAULT '0',
  `use_key` int(11) NOT NULL DEFAULT '0',
  `status` int(11) NOT NULL DEFAULT '1' COMMENT '1 正常 2 已下线',
  `expr_type` int(11) NOT NULL DEFAULT '0',
  `expr_day` int(11) NOT NULL,
  `expr_time` int(11) NOT NULL,
  `deleted` int(11) NOT NULL DEFAULT '0',
  `deleted_at` int(11) DEFAULT NULL,
  `created_at` int(11) NOT NULL,
  `updated_at` int(11) NOT NULL,
  PRIMARY KEY (`id`)
) ENGINE=InnoDB AUTO_INCREMENT=23 DEFAULT CHARSET=utf8;


CREATE TABLE IF NOT EXISTS `ims_niuniu_mang_coupon_user_log` (
  `id` int(11) NOT NULL AUTO_INCREMENT,
  `acid` int(11) NOT NULL,
  `uniacid` int(11) NOT NULL,
  `uid` int(11) NOT NULL,
  `coupon_id` int(11) NOT NULL,
  `name` varchar(255) NOT NULL,
  `limit` int(11) NOT NULL,
  `price` int(11) NOT NULL,
  `is_new_user` int(11) NOT NULL DEFAULT '0',
  `status` int(11) NOT NULL DEFAULT '1' COMMENT '0 正常 2 已使用 3 过期了',
  `order_no` varchar(255) DEFAULT NULL,
  `expr_type` int(11) NOT NULL DEFAULT '0',
  `expr_day` int(11) NOT NULL,
  `expr_time` int(11) NOT NULL,
  `expr` int(11) NOT NULL,
  `use_time` int(11) NOT NULL,
  `deleted` int(11) NOT NULL DEFAULT '0',
  `deleted_at` int(11) DEFAULT NULL,
  `created_at` int(11) NOT NULL,
  `updated_at` int(11) NOT NULL,
  PRIMARY KEY (`id`)
) ENGINE=InnoDB AUTO_INCREMENT=2414 DEFAULT CHARSET=utf8;


CREATE TABLE IF NOT EXISTS `ims_niuniu_mang_delivery_order` (
  `id` int(11) NOT NULL AUTO_INCREMENT,
  `acid` int(11) NOT NULL,
  `uniacid` int(11) NOT NULL,
  `uid` varchar(255) NOT NULL,
  `out_trade_no` varchar(255) NOT NULL COMMENT '平台订单号',
  `transaction_id` varchar(255) DEFAULT NULL COMMENT '微信订单号',
  `total_price` int(11) NOT NULL,
  `wx_pay_price` int(11) NOT NULL,
  `balance_pay_price` int(11) NOT NULL,
  `ids` text NOT NULL,
  `address` varchar(255) NOT NULL,
  `tel` varchar(255) NOT NULL,
  `name` varchar(255) NOT NULL,
  `pay_status` int(11) NOT NULL DEFAULT '0',
  `pay_time` int(11) DEFAULT NULL,
  `type` int(11) NOT NULL DEFAULT '1',
  `remark` varchar(255) DEFAULT NULL,
  `status` int(11) NOT NULL DEFAULT '0' COMMENT '0 待发货 1 已发货',
  `express_number` varchar(255) DEFAULT NULL,
  `express_type` varchar(255) DEFAULT NULL,
  `deleted` int(11) NOT NULL DEFAULT '0',
  `deleted_at` int(11) DEFAULT NULL,
  `created_at` int(11) NOT NULL,
  `updated_at` int(11) NOT NULL,
  PRIMARY KEY (`id`)
) ENGINE=InnoDB AUTO_INCREMENT=43 DEFAULT CHARSET=utf8;


CREATE TABLE IF NOT EXISTS `ims_niuniu_mang_express_query` (
  `id` int(11) NOT NULL AUTO_INCREMENT,
  `acid` int(11) NOT NULL,
  `uniacid` int(11) NOT NULL,
  `number` varchar(255) NOT NULL,
  `type` varchar(255) DEFAULT NULL,
  `typename` varchar(255) DEFAULT NULL,
  `logo` varchar(255) DEFAULT NULL,
  `list` text,
  `deliverystatus` int(11) DEFAULT NULL,
  `query_time` int(11) NOT NULL,
  `deleted` int(11) NOT NULL DEFAULT '0',
  `deleted_at` int(11) DEFAULT NULL,
  `created_at` int(11) NOT NULL,
  `updated_at` int(11) NOT NULL,
  PRIMARY KEY (`id`)
) ENGINE=InnoDB AUTO_INCREMENT=7 DEFAULT CHARSET=utf8;


CREATE TABLE IF NOT EXISTS `ims_niuniu_mang_fictitious_code` (
  `id` int(11) NOT NULL AUTO_INCREMENT,
  `acid` int(11) NOT NULL,
  `uniacid` int(11) NOT NULL,
  `ftid` int(11) NOT NULL,
  `uid` int(11) DEFAULT NULL,
  `code` varchar(255) NOT NULL,
  `status` int(11) NOT NULL,
  `deleted` int(11) NOT NULL DEFAULT '0',
  `deleted_at` int(11) DEFAULT NULL,
  `created_at` int(11) NOT NULL,
  `updated_at` int(11) NOT NULL,
  PRIMARY KEY (`id`)
) ENGINE=InnoDB AUTO_INCREMENT=2 DEFAULT CHARSET=utf8;


CREATE TABLE IF NOT EXISTS `ims_niuniu_mang_fictitious_tempalte` (
  `id` int(11) NOT NULL AUTO_INCREMENT,
  `acid` int(11) NOT NULL,
  `uniacid` int(11) NOT NULL,
  `uid` int(11) NOT NULL,
  `name` varchar(255) NOT NULL,
  `type` int(11) DEFAULT '1',
  `qrcode` varchar(255) DEFAULT NULL,
  `code` varchar(255) DEFAULT NULL,
  `deleted` int(11) NOT NULL DEFAULT '0',
  `deleted_at` int(11) DEFAULT NULL,
  `created_at` int(11) NOT NULL,
  `updated_at` int(11) NOT NULL,
  PRIMARY KEY (`id`)
) ENGINE=InnoDB AUTO_INCREMENT=16 DEFAULT CHARSET=utf8;


CREATE TABLE IF NOT EXISTS `ims_niuniu_mang_give_log` (
  `id` int(11) NOT NULL AUTO_INCREMENT,
  `acid` int(11) NOT NULL,
  `uniacid` int(11) NOT NULL,
  `uid` int(11) NOT NULL,
  `item_order_id` int(11) NOT NULL,
  `token` varchar(255) NOT NULL,
  `gei_uid` int(11) DEFAULT '0',
  `deleted` int(11) NOT NULL DEFAULT '0',
  `deleted_at` int(11) DEFAULT NULL,
  `created_at` int(11) NOT NULL,
  `updated_at` int(11) NOT NULL,
  PRIMARY KEY (`id`)
) ENGINE=InnoDB AUTO_INCREMENT=60 DEFAULT CHARSET=utf8;


CREATE TABLE IF NOT EXISTS `ims_niuniu_mang_help` (
  `id` int(11) NOT NULL AUTO_INCREMENT,
  `acid` int(11) NOT NULL,
  `uniacid` int(11) NOT NULL,
  `title` varchar(255) NOT NULL,
  `text` text,
  `sort` int(11) NOT NULL DEFAULT '0',
  `deleted` int(11) NOT NULL DEFAULT '0',
  `deleted_at` int(11) DEFAULT NULL,
  `created_at` int(11) NOT NULL,
  `updated_at` int(11) NOT NULL,
  PRIMARY KEY (`id`)
) ENGINE=InnoDB AUTO_INCREMENT=19 DEFAULT CHARSET=utf8;


CREATE TABLE IF NOT EXISTS `ims_niuniu_mang_luck_batch` (
  `id` int(11) NOT NULL AUTO_INCREMENT,
  `acid` int(11) NOT NULL,
  `uniacid` int(11) NOT NULL,
  `bid` int(11) NOT NULL COMMENT '盲盒id',
  `batch_no` int(11) NOT NULL COMMENT '期数',
  `stock` int(11) NOT NULL COMMENT '本期数量',
  `sold_num` int(11) NOT NULL COMMENT '已售数量',
  `status` int(11) NOT NULL COMMENT '1进行中 2已完成',
  `open_prize` int(11) NOT NULL DEFAULT '1' COMMENT '1 正常 2 待开奖 3 已开将',
  `open_time` int(11) DEFAULT NULL COMMENT '开奖时间',
  `params_a` varchar(255) DEFAULT NULL,
  `params_b` varchar(255) DEFAULT NULL,
  `params_b_time` varchar(255) DEFAULT NULL,
  `code` varchar(255) DEFAULT NULL,
  `deleted` int(11) NOT NULL DEFAULT '0',
  `deleted_at` int(11) DEFAULT NULL,
  `created_at` int(11) NOT NULL,
  `updated_at` int(11) NOT NULL,
  PRIMARY KEY (`id`)
) ENGINE=InnoDB AUTO_INCREMENT=111 DEFAULT CHARSET=utf8;


CREATE TABLE IF NOT EXISTS `ims_niuniu_mang_luck_code` (
  `id` int(11) NOT NULL AUTO_INCREMENT,
  `acid` int(11) NOT NULL,
  `uniacid` int(11) NOT NULL,
  `uid` int(11) NOT NULL,
  `order_id` int(11) NOT NULL COMMENT '订单号',
  `box_id` int(11) NOT NULL COMMENT '盲盒id',
  `batch_no` int(11) NOT NULL COMMENT '批次',
  `order_item_id` int(11) NOT NULL COMMENT '订单物品号',
  `item_id` int(11) NOT NULL COMMENT '物品id',
  `code` varchar(255) NOT NULL COMMENT '抽奖码',
  `status` int(11) NOT NULL COMMENT '0 未开奖 1 中奖 2 未中奖',
  `is_fa` int(11) NOT NULL DEFAULT '0' COMMENT '是否发货',
  `ms_time` varchar(255) NOT NULL,
  `delivery_order_id` int(11) DEFAULT NULL COMMENT '回收订单id',
  `deleted` int(11) NOT NULL DEFAULT '0',
  `deleted_at` int(11) DEFAULT NULL,
  `created_at` int(11) NOT NULL,
  `updated_at` int(11) NOT NULL,
  `get_type` int(11) DEFAULT '0' COMMENT ' 1 自动发码 2 固定二维码 2 固定码',
  `get_status` int(11) DEFAULT '0' COMMENT ' 1 已领取 0 未领取',
  `get_code` varchar(255) DEFAULT NULL COMMENT ' 1 虚拟 物品发货码',
  `vcode` varchar(255) DEFAULT NULL COMMENT '核销码',
  PRIMARY KEY (`id`)
) ENGINE=InnoDB AUTO_INCREMENT=19834 DEFAULT CHARSET=utf8;


CREATE TABLE IF NOT EXISTS `ims_niuniu_mang_merchant` (
  `id` int(11) NOT NULL AUTO_INCREMENT,
  `acid` int(11) NOT NULL,
  `uniacid` int(11) NOT NULL,
  `name` varchar(255) NOT NULL,
  `admin_uid` int(11) NOT NULL DEFAULT '0',
  `deleted` int(11) NOT NULL DEFAULT '0',
  `deleted_at` int(11) DEFAULT NULL,
  `created_at` int(11) NOT NULL,
  `updated_at` int(11) NOT NULL,
  PRIMARY KEY (`id`)
) ENGINE=InnoDB AUTO_INCREMENT=10 DEFAULT CHARSET=utf8;


CREATE TABLE IF NOT EXISTS `ims_niuniu_mang_merchant_store` (
  `id` int(11) NOT NULL AUTO_INCREMENT,
  `acid` int(11) NOT NULL,
  `uniacid` int(11) NOT NULL,
  `merchant_id` int(11) NOT NULL,
  `name` varchar(255) NOT NULL,
  `telphone` varchar(255) NOT NULL,
  `open_time` varchar(255) NOT NULL,
  `address` varchar(255) NOT NULL,
  `location` varchar(255) NOT NULL,
  `deleted` int(11) NOT NULL DEFAULT '0',
  `deleted_at` int(11) DEFAULT NULL,
  `created_at` int(11) NOT NULL,
  `updated_at` int(11) NOT NULL,
  PRIMARY KEY (`id`)
) ENGINE=InnoDB AUTO_INCREMENT=3 DEFAULT CHARSET=utf8;


CREATE TABLE IF NOT EXISTS `ims_niuniu_mang_notice` (
  `id` int(11) NOT NULL AUTO_INCREMENT,
  `acid` int(11) NOT NULL,
  `uniacid` int(11) NOT NULL,
  `title` varchar(255) NOT NULL,
  `text` text,
  `sort` int(11) NOT NULL DEFAULT '0',
  `deleted` int(11) NOT NULL DEFAULT '0',
  `deleted_at` int(11) DEFAULT NULL,
  `created_at` int(11) NOT NULL,
  `updated_at` int(11) NOT NULL,
  PRIMARY KEY (`id`)
) ENGINE=InnoDB AUTO_INCREMENT=3 DEFAULT CHARSET=utf8;


CREATE TABLE IF NOT EXISTS `ims_niuniu_mang_order` (
  `id` int(11) NOT NULL AUTO_INCREMENT,
  `acid` int(11) NOT NULL,
  `uniacid` int(11) NOT NULL,
  `uid` int(11) NOT NULL,
  `appid` varchar(255) NOT NULL,
  `mch_id` varchar(255) NOT NULL,
  `box_id` int(11) NOT NULL COMMENT '盲盒id',
  `box_type` int(11) NOT NULL COMMENT '盲盒类型',
  `out_trade_no` varchar(255) NOT NULL COMMENT '平台订单号',
  `transaction_id` varchar(255) DEFAULT NULL COMMENT '微信订单号',
  `unit_price` int(11) NOT NULL COMMENT '单价',
  `total_price` int(11) NOT NULL COMMENT '总价',
  `wxpay_price` int(11) NOT NULL COMMENT '微信支付金额',
  `balance_price` int(11) NOT NULL COMMENT '余额支付金额',
  `pay_status` int(11) NOT NULL COMMENT '支付状态，1 已支付 2 未支付',
  `pay_time` int(11) NOT NULL COMMENT '付款时间',
  `luck_order_time` varchar(255) NOT NULL COMMENT '毫秒时间戳',
  `buy_num` int(11) NOT NULL DEFAULT '1',
  `extract_status` int(11) NOT NULL DEFAULT '0' COMMENT '1 已抽物品 0 未抽取 2 异常',
  `extract_success` int(11) NOT NULL DEFAULT '0' COMMENT '发放成功数量',
  `extract_code_success` int(11) NOT NULL DEFAULT '0' COMMENT '发放成功数量',
  `preferential_price` int(11) NOT NULL DEFAULT '0' COMMENT '优惠金额',
  `deleted` int(11) NOT NULL DEFAULT '0',
  `deleted_at` int(11) DEFAULT NULL,
  `created_at` int(11) NOT NULL,
  `updated_at` int(11) NOT NULL,
  `preferential_id` int(11) DEFAULT '0' COMMENT '优惠券id',
  PRIMARY KEY (`id`)
) ENGINE=InnoDB AUTO_INCREMENT=691 DEFAULT CHARSET=utf8;


CREATE TABLE IF NOT EXISTS `ims_niuniu_mang_order_item` (
  `id` int(11) NOT NULL AUTO_INCREMENT,
  `acid` int(11) NOT NULL,
  `uniacid` int(11) NOT NULL,
  `uid` int(11) NOT NULL,
  `order_id` int(11) NOT NULL COMMENT '订单id',
  `box_id` int(11) NOT NULL COMMENT '盲盒id',
  `item_id` int(11) NOT NULL COMMENT '物品id',
  `status` int(11) NOT NULL DEFAULT '1' COMMENT '1 正常 2 回收 3 发货',
  `recovery_order_id` int(11) DEFAULT NULL COMMENT '回收订单id',
  `delivery_order_id` int(11) DEFAULT NULL COMMENT '回收订单id',
  `recovery_transaction_price` int(11) DEFAULT NULL COMMENT '回收成交价格',
  `deleted` int(11) NOT NULL DEFAULT '0',
  `deleted_at` int(11) DEFAULT NULL,
  `created_at` int(11) NOT NULL,
  `updated_at` int(11) NOT NULL,
  `he_status` int(11) DEFAULT '0' COMMENT '1 核销了 0 未核销',
  `exchange_card_order_id` int(11) DEFAULT NULL COMMENT '兑换订单id',
  `type` int(11) DEFAULT '0' COMMENT '物品类型 0 实物 1 虚拟 3 核销',
  `code` varchar(255) DEFAULT NULL COMMENT '核销码',
  `get_type` int(11) DEFAULT '0' COMMENT ' 1 自动发码 2 固定二维码 2 固定码',
  `get_status` int(11) DEFAULT '0' COMMENT ' 1 已领取 0 未领取',
  `get_code` varchar(255) DEFAULT NULL COMMENT ' 1 虚拟 物品发货码',
  PRIMARY KEY (`id`)
) ENGINE=InnoDB AUTO_INCREMENT=20286 DEFAULT CHARSET=utf8;


CREATE TABLE IF NOT EXISTS `ims_niuniu_mang_recommende_icon` (
  `id` int(11) NOT NULL AUTO_INCREMENT,
  `acid` int(11) NOT NULL,
  `uniacid` int(11) NOT NULL,
  `image` varchar(255) NOT NULL,
  `name` varchar(255) NOT NULL,
  `jump_type` int(11) NOT NULL DEFAULT '0',
  `jump_path` varchar(255) DEFAULT NULL,
  `sort` int(11) NOT NULL DEFAULT '0',
  `deleted` int(11) NOT NULL DEFAULT '0',
  `deleted_at` int(11) DEFAULT NULL,
  `created_at` int(11) NOT NULL,
  `updated_at` int(11) NOT NULL,
  `jump_appid` varchar(255) DEFAULT NULL,
  PRIMARY KEY (`id`)
) ENGINE=InnoDB AUTO_INCREMENT=24 DEFAULT CHARSET=utf8;


CREATE TABLE IF NOT EXISTS `ims_niuniu_mang_recommende_slide` (
  `id` int(11) NOT NULL AUTO_INCREMENT,
  `acid` int(11) NOT NULL,
  `uniacid` int(11) NOT NULL,
  `image` varchar(255) NOT NULL,
  `top` int(11) NOT NULL DEFAULT '0',
  `jump_type` int(11) NOT NULL DEFAULT '0',
  `jump_path` varchar(255) DEFAULT NULL,
  `sort` int(11) NOT NULL DEFAULT '0',
  `deleted` int(11) NOT NULL DEFAULT '0',
  `deleted_at` int(11) DEFAULT NULL,
  `created_at` int(11) NOT NULL,
  `updated_at` int(11) NOT NULL,
  `jump_appid` varchar(255) DEFAULT NULL,
  PRIMARY KEY (`id`)
) ENGINE=InnoDB AUTO_INCREMENT=37 DEFAULT CHARSET=utf8;


CREATE TABLE IF NOT EXISTS `ims_niuniu_mang_recovery_order` (
  `id` int(11) NOT NULL AUTO_INCREMENT,
  `acid` int(11) NOT NULL,
  `uniacid` int(11) NOT NULL,
  `uid` varchar(255) NOT NULL,
  `order_no` varchar(255) NOT NULL,
  `price` int(11) NOT NULL,
  `count_num` int(11) NOT NULL,
  `deleted` int(11) NOT NULL DEFAULT '0',
  `deleted_at` int(11) DEFAULT NULL,
  `created_at` int(11) NOT NULL,
  `updated_at` int(11) NOT NULL,
  PRIMARY KEY (`id`)
) ENGINE=InnoDB AUTO_INCREMENT=95 DEFAULT CHARSET=utf8;


CREATE TABLE IF NOT EXISTS `ims_niuniu_mang_search_key` (
  `id` int(11) NOT NULL AUTO_INCREMENT,
  `acid` int(11) NOT NULL,
  `uniacid` int(11) NOT NULL,
  `search_key` varchar(255) NOT NULL,
  `num` int(11) NOT NULL,
  `deleted` int(11) NOT NULL DEFAULT '0',
  `deleted_at` int(11) DEFAULT NULL,
  `created_at` int(11) NOT NULL,
  `updated_at` int(11) NOT NULL,
  PRIMARY KEY (`id`)
) ENGINE=InnoDB AUTO_INCREMENT=5 DEFAULT CHARSET=utf8;


CREATE TABLE IF NOT EXISTS `ims_niuniu_mang_setting` (
  `id` int(11) NOT NULL AUTO_INCREMENT,
  `acid` int(11) NOT NULL,
  `uniacid` int(11) NOT NULL,
  `app_logo_a` varchar(255) NOT NULL COMMENT '淡色Logo',
  `app_logo_b` varchar(255) NOT NULL COMMENT '深色Logo',
  `delevery_price` int(11) NOT NULL COMMENT '发货运费',
  `delevery_api_appcode` varchar(255) DEFAULT NULL,
  `home_style` int(11) NOT NULL DEFAULT '1' COMMENT '1 简约版 2 电商版',
  `spread_coupon_id` int(11) DEFAULT '0',
  `new_user_coupon_image` varchar(255) DEFAULT NULL,
  `recommend_icon` varchar(255) DEFAULT NULL,
  `submsg_open` varchar(255) DEFAULT NULL COMMENT '订阅消息ID 开奖提醒',
  `submsg_1` varchar(255) DEFAULT NULL COMMENT '订阅消息ID 活动提醒1',
  `submsg_2` varchar(255) DEFAULT NULL COMMENT '订阅消息ID 活动提醒2',
  `submsg_3` varchar(255) DEFAULT NULL COMMENT '订阅消息ID 活动提醒',
  `share_title` varchar(255) NOT NULL COMMENT '分享标题',
  `share_desc` varchar(255) NOT NULL COMMENT '分享标题',
  `share_image` varchar(255) NOT NULL COMMENT '分享图片',
  `index_luck_open` int(11) NOT NULL DEFAULT '1',
  `index_luck_bgcolor` varchar(255) DEFAULT NULL,
  `index_luck_logo` varchar(255) DEFAULT NULL,
  `index_one_open` int(11) NOT NULL DEFAULT '1',
  `index_one_title` varchar(255) NOT NULL,
  `deleted` int(11) NOT NULL DEFAULT '0',
  `deleted_at` int(11) DEFAULT NULL,
  `created_at` int(11) NOT NULL,
  `updated_at` int(11) NOT NULL,
  `invitation_top_image` varchar(255) DEFAULT NULL,
  `spread_level_2` int(11) DEFAULT '0',
  `spread_level_1` int(11) DEFAULT '0',
  `spread_banner` varchar(255) DEFAULT NULL,
  `ktx` int(11) NOT NULL DEFAULT '1',
  PRIMARY KEY (`id`)
) ENGINE=InnoDB AUTO_INCREMENT=15 DEFAULT CHARSET=utf8;


CREATE TABLE IF NOT EXISTS `ims_niuniu_mang_slide` (
  `id` int(11) NOT NULL AUTO_INCREMENT,
  `acid` int(11) NOT NULL,
  `uniacid` int(11) NOT NULL,
  `image` varchar(255) NOT NULL,
  `jump_type` int(11) NOT NULL DEFAULT '0',
  `jump_path` varchar(255) DEFAULT NULL,
  `sort` int(11) NOT NULL DEFAULT '0',
  `deleted` int(11) NOT NULL DEFAULT '0',
  `deleted_at` int(11) DEFAULT NULL,
  `created_at` int(11) NOT NULL,
  `updated_at` int(11) NOT NULL,
  `jump_appid` varchar(255) DEFAULT NULL,
  `category_id` int(11) DEFAULT '0',
  PRIMARY KEY (`id`)
) ENGINE=InnoDB AUTO_INCREMENT=28 DEFAULT CHARSET=utf8;


CREATE TABLE IF NOT EXISTS `ims_niuniu_mang_sub_msg` (
  `id` int(11) NOT NULL AUTO_INCREMENT,
  `acid` int(11) NOT NULL,
  `uniacid` int(11) NOT NULL,
  `uid` int(11) NOT NULL,
  `tmp_id` varchar(255) NOT NULL,
  `num` int(11) NOT NULL,
  `deleted` int(11) NOT NULL DEFAULT '0',
  `deleted_at` int(11) DEFAULT NULL,
  `created_at` int(11) NOT NULL,
  `updated_at` int(11) NOT NULL,
  PRIMARY KEY (`id`)
) ENGINE=InnoDB AUTO_INCREMENT=152 DEFAULT CHARSET=utf8;


CREATE TABLE IF NOT EXISTS `ims_niuniu_mang_sub_msg_task` (
  `id` int(11) NOT NULL AUTO_INCREMENT,
  `acid` int(11) NOT NULL,
  `uniacid` int(11) NOT NULL,
  `key` varchar(255) NOT NULL,
  `uid` int(11) NOT NULL,
  `msg_tmpl_id` varchar(255) DEFAULT NULL COMMENT '模板消息',
  `content` text,
  `status` int(11) NOT NULL DEFAULT '0' COMMENT '0 未发送 1 待处理 2 已发送',
  `send_resp` text,
  `deleted` int(11) NOT NULL DEFAULT '0',
  `deleted_at` int(11) DEFAULT NULL,
  `created_at` int(11) NOT NULL,
  `updated_at` int(11) NOT NULL,
  PRIMARY KEY (`id`)
) ENGINE=InnoDB AUTO_INCREMENT=196 DEFAULT CHARSET=utf8;


CREATE TABLE IF NOT EXISTS `ims_niuniu_mang_user` (
  `id` int(11) NOT NULL AUTO_INCREMENT,
  `acid` int(11) NOT NULL,
  `uniacid` int(11) NOT NULL,
  `uid` int(11) NOT NULL,
  `nickname` varchar(255) NOT NULL,
  `openid` varchar(255) NOT NULL,
  `avatar` varchar(255) NOT NULL,
  `sort` int(11) NOT NULL DEFAULT '0',
  `deleted` int(11) NOT NULL DEFAULT '0',
  `deleted_at` int(11) DEFAULT NULL,
  `created_at` int(11) NOT NULL,
  `updated_at` int(11) NOT NULL,
  `parent_uid` int(11) DEFAULT NULL COMMENT '上级id',
  PRIMARY KEY (`id`)
) ENGINE=InnoDB AUTO_INCREMENT=1103 DEFAULT CHARSET=utf8;


CREATE TABLE IF NOT EXISTS `ims_niuniu_mang_user_bill` (
  `id` int(11) NOT NULL AUTO_INCREMENT,
  `acid` int(11) NOT NULL,
  `uniacid` int(11) NOT NULL,
  `uid` int(11) NOT NULL,
  `type` int(11) NOT NULL COMMENT '1 收入 2 支出',
  `pay_type` int(11) NOT NULL COMMENT '1 微信 2 余额',
  `price` int(11) NOT NULL COMMENT '金额',
  `order_no` varchar(255) NOT NULL COMMENT '订单',
  `order_type` int(11) NOT NULL COMMENT '1 订单 2 回收 3 充值',
  `status` int(11) NOT NULL COMMENT '1 正常 2 审核中 3 拒绝',
  `deleted` int(11) NOT NULL DEFAULT '0',
  `deleted_at` int(11) DEFAULT NULL,
  `created_at` int(11) NOT NULL,
  `updated_at` int(11) NOT NULL,
  `from_uid` int(11) NOT NULL DEFAULT '0',
  PRIMARY KEY (`id`)
) ENGINE=InnoDB AUTO_INCREMENT=554 DEFAULT CHARSET=utf8;


CREATE TABLE IF NOT EXISTS `ims_niuniu_mang_user_tx` (
  `id` int(11) NOT NULL AUTO_INCREMENT,
  `acid` int(11) NOT NULL,
  `uniacid` int(11) NOT NULL,
  `uid` int(11) NOT NULL,
  `price` int(11) NOT NULL,
  `image` longtext,
  `status` int(11) DEFAULT '0' COMMENT '0 待处理 1 已处理 2 已到账',
  `eid` int(11) NOT NULL,
  `deleted` int(11) NOT NULL DEFAULT '0',
  `deleted_at` int(11) DEFAULT NULL,
  `created_at` int(11) NOT NULL,
  `updated_at` int(11) NOT NULL,
  PRIMARY KEY (`id`)
) ENGINE=InnoDB DEFAULT CHARSET=utf8;

]]></install>
	<uninstall><![CDATA[DROP TABLE IF EXISTS `ims_niuniu_mang_barrage`;
DROP TABLE IF EXISTS `ims_niuniu_mang_card_prize`;
DROP TABLE IF EXISTS `ims_niuniu_mang_category`;
DROP TABLE IF EXISTS `ims_niuniu_mang_commodity`;
DROP TABLE IF EXISTS `ims_niuniu_mang_commodity_item`;
DROP TABLE IF EXISTS `ims_niuniu_mang_coupon`;
DROP TABLE IF EXISTS `ims_niuniu_mang_coupon_user_log`;
DROP TABLE IF EXISTS `ims_niuniu_mang_delivery_order`;
DROP TABLE IF EXISTS `ims_niuniu_mang_express_query`;
DROP TABLE IF EXISTS `ims_niuniu_mang_fictitious_code`;
DROP TABLE IF EXISTS `ims_niuniu_mang_fictitious_tempalte`;
DROP TABLE IF EXISTS `ims_niuniu_mang_give_log`;
DROP TABLE IF EXISTS `ims_niuniu_mang_help`;
DROP TABLE IF EXISTS `ims_niuniu_mang_luck_batch`;
DROP TABLE IF EXISTS `ims_niuniu_mang_luck_code`;
DROP TABLE IF EXISTS `ims_niuniu_mang_merchant`;
DROP TABLE IF EXISTS `ims_niuniu_mang_merchant_store`;
DROP TABLE IF EXISTS `ims_niuniu_mang_notice`;
DROP TABLE IF EXISTS `ims_niuniu_mang_order`;
DROP TABLE IF EXISTS `ims_niuniu_mang_order_item`;
DROP TABLE IF EXISTS `ims_niuniu_mang_recommende_icon`;
DROP TABLE IF EXISTS `ims_niuniu_mang_recommende_slide`;
DROP TABLE IF EXISTS `ims_niuniu_mang_recovery_order`;
DROP TABLE IF EXISTS `ims_niuniu_mang_search_key`;
DROP TABLE IF EXISTS `ims_niuniu_mang_setting`;
DROP TABLE IF EXISTS `ims_niuniu_mang_slide`;
DROP TABLE IF EXISTS `ims_niuniu_mang_sub_msg`;
DROP TABLE IF EXISTS `ims_niuniu_mang_sub_msg_task`;
DROP TABLE IF EXISTS `ims_niuniu_mang_user`;
DROP TABLE IF EXISTS `ims_niuniu_mang_user_bill`;
DROP TABLE IF EXISTS `ims_niuniu_mang_user_tx`;
]]></uninstall>
	<upgrade><![CDATA[ru_rpgrade.php]]></upgrade>

</manifest>
